graph,method,parameter,qps,recall_pct,severe,mean_dc,queries
Faiss-M32,C,16000,171.88731562880673,99.68625,5,16000.0,8000
Faiss-M32,C,12800,218.47627647537132,99.43875,19,12800.0,8000
Faiss-M32,C,11264,250.83413126675273,99.23125,27,11264.0,8000
Faiss-M32,C,10240,277.2975500292822,99.05874999999999,32,10240.0,8000
Faiss-M32,C,9600,297.68137000462093,98.95625000000001,37,9600.0,8000
Faiss-M32,C,8192,350.1527246914332,98.69999999999999,42,8192.0,8000
Faiss-M32,C,6400,456.1961307784474,98.16499999999999,52,6400.0,8000
Faiss-M32,C,4096,738.4394761621122,96.23875,120,4096.0,8000
Faiss-M32,F,16000,168.83649893640066,99.72875,3,16000.0,8000
Faiss-M32,F,12800,213.5536801275519,99.595,5,12800.0,8000
Faiss-M32,F,11264,243.75603654778436,99.45875,8,11264.0,8000
Faiss-M32,F,10240,269.6429489556794,99.35125,9,10240.0,8000
Faiss-M32,F,9600,289.1904755543432,99.28875,9,9600.0,8000
Faiss-M32,F,8192,340.7810836107739,98.98125,12,8192.0,8000
Faiss-M32,F,6400,453.52270544275973,98.16625,52,6400.0,8000
Faiss-M32,F,4096,737.9218138189024,96.23875,120,4096.0,8000
Faiss-M32,NATIVE,1024,236.83392440395244,99.59374999999999,13,13871.842875,8000
Faiss-M32,NATIVE,896,274.1037834598339,99.46125,21,12453.15175,8000
Faiss-M32,NATIVE,768,322.80731160433066,99.32624999999999,27,10998.402125,8000
Faiss-M32,NATIVE,512,487.93312948674486,98.855,41,7943.746625,8000
Faiss-M32,NATIVE,256,931.34170705689,97.33625,88,4581.389125,8000
Faiss-M32,ABS,58,312.8203607978385,99.265,13,8613.392625,8000
Faiss-M32,ABS,55,362.2806232554841,99.01625,19,7534.818375,8000
Faiss-M32,ABS,50,467.7009943532436,98.54875,28,5982.6605,8000
Faiss-M32,ABS,40,803.0680774210427,96.59,75,3656.932125,8000
Faiss-M32,ABS,30,1427.0439818522816,92.96124999999999,174,2159.412875,8000
Faiss-M32,ABS_CAP,12801000,216.78625849529183,99.43875,19,12800.0,8000
Faiss-M32,ABS_CAP,12800100,259.1995998393634,99.43625,19,10750.5265,8000
Faiss-M32,ABS_CAP,10241000,275.36601655222717,99.05874999999999,32,10240.0,8000
Faiss-M32,ABS_CAP,9601000,295.16054780575706,98.95625000000001,37,9600.0,8000
Faiss-M32,ABS_CAP,12800075,330.9610233346283,99.35750000000002,20,8422.950125,8000
Faiss-M32,ABS_CAP,8192100,383.8115177784395,98.69875,42,7464.009875,8000
Faiss-M32,ABS_CAP,12800060,446.23824782767036,99.00999999999999,26,6338.011625,8000
Faiss-M32,ABS_CAP,10240060,494.45550753275245,98.72625,37,5799.13,8000
Faiss-M32,ABS_CAP,9600050,658.6850668364033,97.96374999999999,57,4431.44925,8000
Faiss-M32,ABS_CAP,8192050,695.5694634457236,97.80875,60,4205.155625,8000
Imported-s777,C,16000,162.34137079040866,99.25,16,16000.0,8000
Imported-s777,C,12800,206.26963592178862,98.93124999999999,27,12800.0,8000
Imported-s777,C,11264,236.53938948987835,98.7125,39,11264.0,8000
Imported-s777,C,10240,261.9322090715508,98.51749999999998,49,10240.0,8000
Imported-s777,C,9600,280.49702157831507,98.41250000000001,52,9600.0,8000
Imported-s777,C,8192,331.81982389456726,98.15625000000001,58,8192.0,8000
Imported-s777,C,6400,432.5301690536327,97.3925,82,6400.0,8000
Imported-s777,C,4096,695.7801647919488,95.32125,164,4096.0,8000
Imported-s777,F,16000,159.30488727066842,99.35499999999999,9,16000.0,8000
Imported-s777,F,12800,201.85177949499766,99.14875,12,12800.0,8000
Imported-s777,F,11264,231.03751094935137,99.00499999999998,14,11264.0,8000
Imported-s777,F,10240,255.4395908772228,98.915,14,10240.0,8000
Imported-s777,F,9600,273.3640677374783,98.8325,15,9600.0,8000
Imported-s777,F,8192,322.9721291859175,98.45750000000001,22,8192.0,8000
Imported-s777,F,6400,426.2697024946948,97.37500000000001,82,6400.0,8000
Imported-s777,F,4096,690.3363064182232,95.3125,164,4096.0,8000
Imported-s777,NATIVE,1536,173.20510346377844,99.20125,22,14355.45325,8000
Imported-s777,NATIVE,1280,217.18419160097108,98.97375000000001,31,12357.759,8000
Imported-s777,NATIVE,1024,283.93368938085604,98.70875,43,10292.313,8000
Imported-s777,NATIVE,896,331.32512838184005,98.51625,52,9227.55525,8000
Imported-s777,NATIVE,768,393.1746858109509,98.24875,60,8135.523125,8000
Imported-s777,NATIVE,512,604.113756574671,97.45375,86,5865.813125,8000
Imported-s777,NATIVE,256,1173.40339459031,94.8325,189,3385.88375,8000
Imported-s777,ABS,58,403.6760024509632,97.93375,42,6434.5205,8000
Imported-s777,ABS,55,469.9925261259754,97.49624999999999,55,5622.447375,8000
Imported-s777,ABS,50,605.0920704804255,96.55,81,4459.50375,8000
Imported-s777,ABS,40,1038.8577023013086,93.47749999999999,179,2740.465,8000
Imported-s777,ABS_CAP,12801000,205.59305497922574,98.93124999999999,27,12800.0,8000
Imported-s777,ABS_CAP,10241000,261.27166176526526,98.51749999999998,49,10240.0,8000
Imported-s777,ABS_CAP,12800100,265.7343781696402,98.895,28,9924.561125,8000
Imported-s777,ABS_CAP,9601000,279.8740514292184,98.41250000000001,52,9600.0,8000
Imported-s777,ABS_CAP,8193000,331.58654879589955,98.15625000000001,58,8192.0,8000
Imported-s777,ABS_CAP,12800075,367.6317471977864,98.60625,32,7223.920375,8000
Imported-s777,ABS_CAP,10240075,415.2809759236239,98.26750000000001,52,6465.655875,8000
Imported-s777,ABS_CAP,12800060,522.7046643546804,97.7625,52,5153.75925,8000
Imported-s777,ABS_CAP,10240060,571.2838325889862,97.52499999999999,67,4786.76025,8000
Imported-s777,ABS_CAP,8192050,823.4420793141901,95.91499999999999,115,3399.3655,8000
